<?xml version="1.0" encoding="UTF-8"?>
<!DOCTYPE hibernate-configuration PUBLIC
        "-//Hibernate/Hibernate Configuration DTD 3.0//EN"
        "http://hibernate.org/dtd/hibernate-configuration-3.0.dtd">
<hibernate-configuration>
	<session-factory>
		<property name="hibernate.connection.driver_class">com.mysql.cj.jdbc.Driver</property>
		<property name="hibernate.connection.url">jdbc:mysql://localhost:3306/covalense_db?createDatabaseIfNotExist=true</property>
		<property name="hibernate.connection.username">root</property>
		<property name="hibernate.connection.password">password</property>
		<property name="hibernate.connection.pool_size">1</property>
		<property name="hibernate.current_session_context_class">thread</property>
		<property name="hibernate.show_sql">true</property>
		<property name="hibernate.hbm2ddl.auto">update</property>
				<!-- <property name="hibernate.format_sql">true</property> -->
		
<!-- 		<property name="hibernate.dialect">org.hibernate.dialect.MySQLDialect</property> -->
<mapping class="com.covalense.emp.dto.primary.EmployeeInfoBean"  />
<mapping class="com.covalense.emp.dto.EmployeeOtherInfoBean" />
<mapping class="com.covalense.emp.dto.EmployeeAddressInfoBean" />
<mapping class="com.covalense.emp.dto.EmployeeEducationalInfo" />
<mapping class="com.covalense.emp.dto.EmployeeExperienceInfoBean" />
<mapping class="com.covalense.emp.dto.TrainingInfoBean" />
<mapping class="com.covalense.emp.dto.primary.DepartmentInfoBean" />

	</session-factory>
</hibernate-configuration>